{
    "parent": "item/generated",
    "textures": {
       "layer0": "item/paper"
    },
    "overrides": [
        {
            "predicate": {
                "custom_model_data": 1
            },
            "model": "item/arvcash"
        },
        {
            "predicate": {
                "custom_model_data": 2
            },
            "model": "item/license_redstone_handle"
        },
        {
            "predicate": {
                "custom_model_data": 3
            },
            "model": "item/license_redstone_purchase"
        },
        {
            "predicate": {
                "custom_model_data": 4
            },
            "model": "item/license_redstone_handle_expired"
        },
        {
            "predicate": {
                "custom_model_data": 5
            },
            "model": "item/license_redstone_purchase_expired"
        }
    ]
}